1.0,0.0,0.0,0.0,-0.7043384032010523,0.0,0.7098643629428032
0.9997806834748455,0.020942419883356957,0.0,0.007433546360553385,-0.7042997838795106,0.007375679703102704,0.7098254406293827
0.9991228300988584,0.04187565372919962,0.0,0.014866277548979881,-0.7041839301499294,0.014750550579809608,0.7097086779573916
0.9980267284282716,0.06279051952931337,0.0,0.022297378482545413,-0.7039908547169756,0.02212380389242184,0.7095140877311725
0.9964928592495044,0.08367784333231548,0.0,0.02972603425729171,-0.7037205787535462,0.029494631080624657,0.7092416912897367
0.9945218953682733,0.10452846326765346,0.0,0.037151430237399745,-0.7033731318984463,0.0368622238501552,0.7088915185044234
0.9921147013144779,0.12533323356430426,0.0,0.04457275214452368,-0.7029485522531391,0.04422577426144107,0.708463607775625
0.9892723329629883,0.14608302856241162,0.0,0.051989186147085704,-0.7024468863775671,0.0515844748182,0.7079580060285747
0.985996037070505,0.16676874671610226,0.0,0.059399918949521825,-0.7018681892850469,0.058937518555990914,0.7073747687082018
0.9822872507286887,0.1873813145857246,0.0,0.06680413788146888,-0.7012125244362359,0.0662840991307067,0.706713959773051
0.9781476007338057,0.20791169081775931,0.0,0.07420103098688302,-0.7004799637321737,0.07362341090699889,0.7059756516882685
0.9735789028731603,0.2283508701106557,0.0,0.08158978711307983,-0.6996705875063965,0.0809546490466247,0.705159925417656
0.9685831611286311,0.2486898871648548,0.0,0.0889695959996864,-0.6987844845161283,0.0882770095967066,0.7042668704147913
0.9631625667976582,0.2689198206152657,0.0,0.09633964836749534,-0.6978217519325475,0.0955896895778947,0.7032965846132193
0.9573194975320672,0.2890317969444716,0.0,0.10369913600721165,-0.696782495330131,0.10289188707242272,0.7022491744157124
0.9510565162951535,0.3090169943749474,0.0,0.1110472518680817,-0.6956668286750765,0.11018280131204705,0.7011247546826019
0.9443763702374811,0.32886664673858323,0.0,0.11838319014639563,-0.6944748743128051,0.1174616327658602,0.6999234487191826
0.9372819894918915,0.3485720473218152,0.0,0.12570614637385272,-0.6932067629545448,0.12472758322796831,0.6986453882621908
0.9297764858882515,0.3681245526846779,0.0,0.13301531750578038,-0.6918626336629964,0.1319798559050233,0.6972907134653582
0.9218631515885005,0.38751558645210293,0.0,0.14030990200919718,-0.6904426338370835,0.13921765550360057,0.695859572884042
0.9135454576426009,0.40673664307580015,0.0,0.1475890999507098,-0.6889469191957892,0.14644018831741148,0.6943521234589344
0.9048270524660196,0.42577929156507266,0.0,0.1548521130842348,-0.6873756537610789,0.15364666231434246,0.6927685304988522
0.8957117602394129,0.4446351791849274,0.0,0.1620981449385354,-0.6857290098399141,0.16083628722331014,0.6911089676626092
0.8862035792312147,0.46329603511986167,0.0,0.16932640090456347,-0.6840071680053569,0.1680082746209236,0.6893736169399718
0.8763066800438636,0.4817536741017153,0.0,0.17653608832259726,-0.6822103170767676,0.17516183801794372,0.6875626686317022
0.8660254037844386,0.5,0.0,0.18372641656916558,-0.6803386540990994,0.18229619294553065,0.6856763213286903
0.8553642601605066,0.5180270093731302,0.0,0.19089659714374851,-0.6783923843212895,0.1894105570412697,0.6837147818901748
0.8443279255020151,0.5358267949789967,0.0,0.19804584375524553,-0.6763717211737513,0.19650415013496622,0.6816782654210597
0.8329212407100994,0.5533915492433441,0.0,0.205173372408201,-0.6742768862449701,0.20357619433419993,0.6795669952483254
0.821149209133704,0.5707135676844316,0.0,0.2122784014887781,-0.6721081092572021,0.2106259141096297,0.6773812028965381
0.8090169943749475,0.5877852522924731,0.0,0.21936015185047184,-0.669865628041284,0.21765253638003904,0.6751211280624609
0.7965299180241963,0.6045991148623748,0.0,0.22641784689955097,-0.6675496885105519,0.22465529059711317,0.672787018588768
0.7836934573258398,0.6211477802783103,0.0,0.2334507126802203,-0.6651605446338733,0.2316334088299383,0.6703791304368664
0.7705132427757893,0.6374239897486896,0.0,0.24045797795949383,-0.6626984584077974,0.23858612584921393,0.667897727658826
0.7569950556517564,0.6534206039901054,0.0,0.24743887431176897,-0.6601636998278243,0.24551267921116895,0.6653430823684247
0.7431448254773944,0.6691306063588581,0.0,0.25439263620309316,-0.6575565468587965,0.25241230934117204,0.6627154747113067
0.7289686274214116,0.6845471059286886,0.0,0.2613185010751133,-0.6548772854044168,0.2592842596170277,0.6600151928342619
0.7144726796328034,0.6996633405133654,0.0,0.26821570942869866,-0.6521262092758962,0.26612777645194835,0.6572425328536275
0.6996633405133655,0.7144726796328033,0.0,0.2750835049072288,-0.6493036201597341,0.27294210937719354,0.6543977988228157
0.6845471059286887,0.7289686274214114,0.0,0.2819211343795366,-0.6464098275846347,0.2797265111243675,0.6514813026989701
0.6691306063588582,0.7431448254773941,0.0,0.2887278480224972,-0.6434451488875641,0.28648023770736547,0.6484933643087565
0.6534206039901056,0.7569950556517563,0.0,0.295502899403255,-0.6404099091789501,0.2932025485039599,0.6454343113132904
0.6374239897486897,0.7705132427757893,0.0,0.30224554556107835,-0.637304441307031,0.2998927063370186,0.6423044791722053
0.6211477802783104,0.7836934573258397,0.0,0.3089550470888331,-0.6341290858213543,0.30654997755534363,0.6391042111068653
0.604599114862375,0.7965299180241961,0.0,0.31563066821406766,-0.6308841909354319,0.3131736321141256,0.6358338580627277
0.5877852522924731,0.8090169943749475,0.0,0.3222716768796982,-0.6275701124885549,0.31976294365500013,0.6324937786708571
0.5707135676844318,0.8211492091337039,0.0,0.32887734482428715,-0.624187213906771,0.32631718958570205,0.6290843392085983
0.5533915492433441,0.8329212407100995,0.0,0.3354469476619054,-0.6207358661630318,0.33283565115930547,0.625605913559409
0.5358267949789965,0.8443279255020151,0.0,0.34197976496156895,-0.6172164477365104,0.33931761355304235,0.6220588831718601
0.5180270093731303,0.8553642601605066,0.0,0.34847508032624275,-0.6136293445710975,0.3457623659466911,0.618443637017805
0.4999999999999999,0.8660254037844387,0.0,0.3549321814714016,-0.6099749500330781,0.35216920160052617,0.6147605715497244
0.4817536741017153,0.8763066800438636,0.0,0.36135036030313994,-0.6062536648679947,0.35853741793281957,0.6110100906572515
0.4632960351198618,0.8862035792312147,0.0,0.3677289129958226,-0.6024658971567007,0.36486631659688706,0.6071926056228802
0.4446351791849275,0.8957117602394129,0.0,0.3740671400692671,-0.59861206227061,0.3711552035576702,0.6033085350768637
0.42577929156507266,0.9048270524660196,0.0,0.3803643464654495,-0.5946925828261463,0.37740338916784416,0.5993583049513065
0.4067366430758002,0.9135454576426009,0.0,0.3866198416247253,-0.5907078886383996,0.3836101882434462,0.5953423484334573
0.38751558645210293,0.9218631515885005,0.0,0.39283293956155735,-0.5866584166739908,0.3897749201390135,0.591261105918204
0.3681245526846781,0.9297764858882513,0.0,0.39900295893974164,-0.5825446110031542,0.3958969088222234,0.5871150249597796
0.3485720473218153,0.9372819894918915,0.0,0.4051292231471234,-0.5783669227510401,0.40197548294802826,0.5829045602226834
0.3288666467385833,0.944376370237481,0.0,0.4112110603697959,-0.5741258100482435,0.408009975932276,0.5786301734318215
0.30901699437494745,0.9510565162951535,0.0,0.4172478036657713,-0.5698217379805652,0.4139997260248082,0.5742923333218735
0.2890317969444716,0.9573194975320672,0.0,0.42323879103811934,-0.5654551785380101,0.41994407638202896,0.5698915155858902
0.2689198206152657,0.9631625667976582,0.0,0.4291833655075624,-0.5610266105630275,0.42584237513893475,0.5654282028231293
0.24868988716485474,0.9685831611286311,0.0,0.43508087518452065,-0.5565365196980014,0.4316939754805992,0.5609028844861321
0.22835087011065588,0.9735789028731602,0.0,0.44093067334059904,-0.5519853983319941,0.4374982357131032,0.5563160568270502
0.20791169081775945,0.9781476007338056,0.0,0.4467321184795086,-0.5473737455467494,0.4432545193339043,0.5516682228432249
0.18738131458572474,0.9822872507286886,0.0,0.45248457440741346,-0.5427020670619642,0.44896219510163604,0.5469598922220291
0.16676874671610234,0.9859960370705049,0.0,0.45818741030269694,-0.5379708751798292,0.4546206371053308,0.5421915812849734
0.14608302856241165,0.9892723329629883,0.0,0.4638400007851378,-0.5331806887288498,0.460229224833058,0.5373638129310859
0.12533323356430426,0.9921147013144779,0.0,0.46944172598449097,-0.5283320330069513,0.4657873432399703,0.5324771165795709
0.10452846326765368,0.9945218953682733,0.0,0.47499197160846246,-0.5234254397238727,0.47129438281575003,0.5275320281117512
0.08367784333231544,0.9964928592495044,0.0,0.48049012901007415,-0.5184614469428596,0.4767497396514492,0.5225290898123033
0.06279051952931353,0.9980267284282716,0.0,0.48593559525440816,-0.5134405990216598,0.48215281550571415,0.51746885030979
0.04187565372919975,0.9991228300988584,0.0,0.4913277731847262,-0.5083634465528278,0.4875030178703907,0.5123518645164963
0.02094241988335705,0.9997806834748455,0.0,0.4966660714879537,-0.5032305463033457,0.49279976003549797,0.5071786935675775
6.123233995736766e-17,1.0,0.0,0.5019499047595246,-0.4980424611535688,0.49804246115356876,0.5019499047595247
-0.020942419883356704,0.9997806834748455,0.0,0.5071786935675774,-0.492799760035498,0.5032305463033456,0.49666607148795383
-0.04187565372919962,0.9991228300988584,0.0,0.5123518645164962,-0.4875030178703907,0.5083634465528277,0.4913277731847262
-0.06279051952931318,0.9980267284282716,0.0,0.5174688503097898,-0.48215281550571426,0.5134405990216598,0.4859355952544082
-0.08367784333231554,0.9964928592495044,0.0,0.5225290898123033,-0.4767497396514492,0.5184614469428596,0.48049012901007415
-0.10452846326765333,0.9945218953682734,0.0,0.527532028111751,-0.47129438281575015,0.5234254397238725,0.4749919716084625
-0.12533323356430415,0.9921147013144779,0.0,0.5324771165795709,-0.4657873432399704,0.5283320330069512,0.469441725984491
-0.14608302856241132,0.9892723329629883,0.0,0.5373638129310858,-0.46022922483305817,0.5331806887288498,0.463840000785138
-0.16676874671610245,0.9859960370705049,0.0,0.5421915812849734,-0.4546206371053308,0.5379708751798292,0.45818741030269694
-0.1873813145857246,0.9822872507286887,0.0,0.5469598922220291,-0.4489621951016361,0.5427020670619642,0.4524845744074136
-0.20791169081775934,0.9781476007338057,0.0,0.5516682228432249,-0.44325451933390436,0.5473737455467494,0.44673211847950867
-0.22835087011065555,0.9735789028731603,0.0,0.5563160568270501,-0.43749823571310326,0.551985398331994,0.4409306733405991
-0.24868988716485463,0.9685831611286312,0.0,0.5609028844861321,-0.43169397548059923,0.5565365196980014,0.4350808751845207
-0.26891982061526537,0.9631625667976582,0.0,0.5654282028231292,-0.42584237513893486,0.5610266105630274,0.4291833655075626
-0.28903179694447173,0.9573194975320672,0.0,0.5698915155858902,-0.41994407638202885,0.5654551785380101,0.4232387910381193
-0.30901699437494734,0.9510565162951536,0.0,0.5742923333218735,-0.4139997260248082,0.5698217379805652,0.4172478036657713
-0.3288666467385832,0.9443763702374811,0.0,0.5786301734318215,-0.408009975932276,0.5741258100482435,0.4112110603697959
-0.348572047321815,0.9372819894918916,0.0,0.5829045602226834,-0.40197548294802843,0.57836692275104,0.4051292231471236
-0.36812455268467775,0.9297764858882515,0.0,0.5871150249597796,-0.3958969088222235,0.5825446110031541,0.3990029589397417
-0.387515586452103,0.9218631515885005,0.0,0.591261105918204,-0.3897749201390135,0.5866584166739909,0.39283293956155735
-0.40673664307580026,0.9135454576426009,0.0,0.5953423484334573,-0.3836101882434462,0.5907078886383996,0.3866198416247253
-0.4257792915650727,0.9048270524660195,0.0,0.5993583049513065,-0.3774033891678441,0.5946925828261463,0.3803643464654494
-0.4446351791849272,0.895711760239413,0.0,0.6033085350768636,-0.3711552035576703,0.5986120622706099,0.3740671400692672
-0.4632960351198615,0.8862035792312148,0.0,0.6071926056228802,-0.3648663165968872,0.6024658971567007,0.36772891299582267
-0.48175367410171543,0.8763066800438635,0.0,0.6110100906572515,-0.35853741793281946,0.6062536648679947,0.3613503603031399
-0.5000000000000002,0.8660254037844385,0.0,0.6147605715497245,-0.3521692016005261,0.6099749500330781,0.35493218147140154
-0.5180270093731301,0.8553642601605067,0.0,0.6184436370178049,-0.3457623659466912,0.6136293445710974,0.34847508032624286
-0.5358267949789964,0.8443279255020152,0.0,0.6220588831718601,-0.33931761355304235,0.6172164477365104,0.34197976496156895
-0.553391549243344,0.8329212407100995,0.0,0.625605913559409,-0.33283565115930547,0.6207358661630318,0.33544694766190547
-0.5707135676844316,0.8211492091337041,0.0,0.6290843392085983,-0.3263171895857021,0.624187213906771,0.32887734482428727
-0.587785252292473,0.8090169943749475,0.0,0.6324937786708571,-0.3197629436550002,0.6275701124885548,0.32227167687969827
-0.6045991148623748,0.7965299180241964,0.0,0.6358338580627277,-0.31317363211412563,0.6308841909354319,0.3156306682140677
-0.6211477802783103,0.7836934573258398,0.0,0.6391042111068653,-0.3065499775553437,0.6341290858213543,0.30895504708883315
-0.6374239897486897,0.7705132427757893,0.0,0.6423044791722053,-0.2998927063370186,0.637304441307031,0.30224554556107835
-0.6534206039901052,0.7569950556517567,0.0,0.6454343113132903,-0.2932025485039601,0.64040990917895,0.29550289940325525
-0.6691306063588582,0.7431448254773942,0.0,0.6484933643087565,-0.28648023770736547,0.6434451488875641,0.28872784802249724
-0.6845471059286887,0.7289686274214114,0.0,0.6514813026989701,-0.2797265111243675,0.6464098275846347,0.2819211343795366
-0.6996633405133655,0.7144726796328033,0.0,0.6543977988228157,-0.27294210937719354,0.6493036201597341,0.2750835049072288
-0.7144726796328031,0.6996633405133657,0.0,0.6572425328536275,-0.26612777645194846,0.6521262092758962,0.26821570942869877
-0.7289686274214113,0.6845471059286888,0.0,0.6600151928342618,-0.25928425961702783,0.6548772854044167,0.2613185010751134
-0.7431448254773944,0.669130606358858,0.0,0.6627154747113067,-0.252412309341172,0.6575565468587965,0.25439263620309316
-0.7569950556517563,0.6534206039901056,0.0,0.6653430823684247,-0.24551267921116904,0.6601636998278243,0.24743887431176906
-0.7705132427757891,0.6374239897486899,0.0,0.667897727658826,-0.23858612584921401,0.6626984584077974,0.24045797795949392
-0.7836934573258397,0.6211477802783105,0.0,0.6703791304368663,-0.23163340882993833,0.6651605446338732,0.23345071268022033
-0.7965299180241963,0.6045991148623749,0.0,0.672787018588768,-0.22465529059711323,0.6675496885105519,0.22641784689955102
-0.8090169943749473,0.5877852522924732,0.0,0.6751211280624609,-0.21765253638003906,0.669865628041284,0.21936015185047186
-0.821149209133704,0.5707135676844317,0.0,0.6773812028965381,-0.21062591410962972,0.672108109257202,0.21227840148877813
-0.8329212407100994,0.5533915492433441,0.0,0.6795669952483254,-0.20357619433419993,0.6742768862449701,0.205173372408201
-0.8443279255020151,0.5358267949789967,0.0,0.6816782654210597,-0.19650415013496622,0.6763717211737513,0.19804584375524553
-0.8553642601605066,0.5180270093731302,0.0,0.6837147818901748,-0.1894105570412697,0.6783923843212895,0.19089659714374851
-0.8660254037844385,0.5000000000000003,0.0,0.6856763213286902,-0.18229619294553076,0.6803386540990993,0.1837264165691657
-0.8763066800438636,0.4817536741017152,0.0,0.6875626686317022,-0.17516183801794366,0.6822103170767676,0.1765360883225972
-0.8862035792312147,0.4632960351198616,0.0,0.6893736169399718,-0.16800827462092358,0.6840071680053569,0.16932640090456344
-0.8957117602394127,0.4446351791849278,0.0,0.6911089676626091,-0.16083628722331028,0.685729009839914,0.16209814493853553
-0.9048270524660194,0.4257792915650729,0.0,0.6927685304988522,-0.1536466623143426,0.6873756537610788,0.1548521130842349
-0.9135454576426008,0.40673664307580043,0.0,0.6943521234589343,-0.1464401883174116,0.6889469191957891,0.14758909995070987
-0.9218631515885006,0.38751558645210277,0.0,0.695859572884042,-0.13921765550360052,0.6904426338370835,0.14030990200919713
-0.9297764858882513,0.36812455268467814,0.0,0.6972907134653581,-0.13197985590502342,0.6918626336629963,0.1330153175057805
-0.9372819894918915,0.34857204732181535,0.0,0.6986453882621908,-0.12472758322796837,0.6932067629545448,0.1257061463738528
-0.944376370237481,0.3288666467385834,0.0,0.6999234487191826,-0.11746163276586026,0.694474874312805,0.11838319014639569
-0.9510565162951535,0.3090169943749475,0.0,0.7011247546826019,-0.1101828013120471,0.6956668286750765,0.11104725186808174
-0.9573194975320672,0.2890317969444717,0.0,0.7022491744157124,-0.10289188707242274,0.696782495330131,0.10369913600721167
-0.9631625667976581,0.26891982061526576,0.0,0.7032965846132193,-0.09558968957789472,0.6978217519325475,0.09633964836749535
-0.9685831611286311,0.24868988716485482,0.0,0.7042668704147913,-0.0882770095967066,0.6987844845161283,0.0889695959996864
-0.9735789028731603,0.22835087011065575,0.0,0.705159925417656,-0.08095464904662472,0.6996705875063965,0.08158978711307985
-0.9781476007338056,0.20791169081775973,0.0,0.7059756516882685,-0.07362341090699905,0.7004799637321737,0.07420103098688319
-0.9822872507286886,0.18738131458572502,0.0,0.706713959773051,-0.06628409913070683,0.7012125244362359,0.06680413788146902
-0.985996037070505,0.16676874671610217,0.0,0.7073747687082018,-0.05893751855599088,0.7018681892850469,0.05939991894952179
-0.9892723329629883,0.14608302856241148,0.0,0.7079580060285747,-0.051584474818199964,0.7024468863775671,0.05198918614708567
-0.9921147013144778,0.12533323356430454,0.0,0.708463607775625,-0.044225774261441184,0.7029485522531391,0.04457275214452379
-0.9945218953682733,0.10452846326765373,0.0,0.7088915185044234,-0.0368622238501553,0.7033731318984463,0.03715143023739984
-0.9964928592495044,0.08367784333231573,0.0,0.7092416912897367,-0.029494631080624743,0.7037205787535462,0.0297260342572918
-0.9980267284282716,0.06279051952931314,0.0,0.7095140877311725,-0.022123803892421755,0.7039908547169756,0.02229737848254533
-0.9991228300988584,0.04187565372919981,0.0,0.7097086779573916,-0.014750550579809674,0.7041839301499294,0.014866277548979947
-0.9997806834748455,0.02094241988335711,0.0,0.7098254406293827,-0.007375679703102758,0.7042997838795106,0.007433546360553439
-1.0,1.2246467991473532e-16,0.0,0.7098643629428032,-4.312828854983633e-17,0.7043384032010523,4.346665599533395e-17
-0.9997806834748455,-0.020942419883356867,0.0,0.7098254406293827,0.007375679703102673,0.7042997838795106,-0.007433546360553353
-0.9991228300988584,-0.041875653729199123,0.0,0.7097086779573916,0.014750550579809429,0.7041839301499294,-0.014866277548979701
-0.9980267284282716,-0.06279051952931335,0.0,0.7095140877311725,0.022123803892421832,0.7039908547169756,-0.022297378482545403
-0.9964928592495044,-0.08367784333231548,0.0,0.7092416912897367,0.029494631080624657,0.7037205787535462,-0.02972603425729171
-0.9945218953682733,-0.1045284632676535,0.0,0.7088915185044234,0.03686222385015521,0.7033731318984463,-0.03715143023739975
-0.9921147013144779,-0.12533323356430384,0.0,0.708463607775625,0.04422577426144094,0.7029485522531391,-0.044572752144523546
-0.9892723329629883,-0.14608302856241126,0.0,0.7079580060285747,0.051584474818199874,0.7024468863775671,-0.05198918614708558
-0.9859960370705049,-0.16676874671610237,0.0,0.7073747687082018,0.05893751855599095,0.7018681892850469,-0.05939991894952186
-0.9822872507286886,-0.18738131458572477,0.0,0.706713959773051,0.06628409913070675,0.7012125244362359,-0.06680413788146893
-0.9781476007338057,-0.20791169081775907,0.0,0.7059756516882686,0.0736234109069988,0.7004799637321737,-0.07420103098688294
-0.9735789028731603,-0.2283508701106555,0.0,0.705159925417656,0.08095464904662462,0.6996705875063965,-0.08158978711307976
-0.9685831611286312,-0.24868988716485457,0.0,0.7042668704147913,0.08827700959670652,0.6987844845161283,-0.08896959599968632
-0.9631625667976582,-0.26891982061526554,0.0,0.7032965846132193,0.09558968957789464,0.6978217519325475,-0.09633964836749528
-0.9573194975320675,-0.289031796944471,0.0,0.7022491744157124,0.10289188707242251,0.696782495330131,-0.10369913600721144
-0.9510565162951538,-0.3090169943749469,0.0,0.7011247546826019,0.11018280131204686,0.6956668286750765,-0.11104725186808151
-0.944376370237481,-0.32886664673858357,0.0,0.6999234487191826,0.11746163276586034,0.694474874312805,-0.11838319014639577
-0.9372819894918916,-0.3485720473218151,0.0,0.6986453882621908,0.12472758322796829,0.6932067629545449,-0.12570614637385272
-0.9297764858882515,-0.3681245526846779,0.0,0.6972907134653582,0.1319798559050233,0.6918626336629964,-0.13301531750578038
-0.9218631515885005,-0.38751558645210293,0.0,0.695859572884042,0.13921765550360057,0.6904426338370835,-0.14030990200919718
-0.9135454576426009,-0.4067366430758002,0.0,0.6943521234589344,0.1464401883174115,0.6889469191957892,-0.1475890999507098
-0.9048270524660195,-0.42577929156507266,0.0,0.6927685304988522,0.15364666231434249,0.6873756537610789,-0.15485211308423483
-0.895711760239413,-0.4446351791849271,0.0,0.6911089676626092,0.16083628722331003,0.6857290098399141,-0.1620981449385353
-0.8862035792312148,-0.46329603511986145,0.0,0.6893736169399718,0.1680082746209235,0.6840071680053569,-0.16932640090456336
-0.8763066800438637,-0.481753674101715,0.0,0.6875626686317022,0.17516183801794358,0.6822103170767677,-0.17653608832259715
-0.8660254037844388,-0.4999999999999997,0.0,0.6856763213286903,0.18229619294553054,0.6803386540990994,-0.18372641656916544
-0.855364260160507,-0.5180270093731296,0.0,0.6837147818901748,0.18941055704126944,0.6783923843212895,-0.19089659714374826
-0.844327925502015,-0.5358267949789968,0.0,0.6816782654210597,0.19650415013496625,0.6763717211737513,-0.1980458437552456
-0.8329212407100993,-0.5533915492433443,0.0,0.6795669952483254,0.20357619433420002,0.6742768862449701,-0.20517337240820108
-0.8211492091337041,-0.5707135676844316,0.0,0.6773812028965381,0.21062591410962966,0.6721081092572021,-0.21227840148877808
-0.8090169943749476,-0.587785252292473,0.0,0.6751211280624609,0.21765253638003898,0.6698656280412841,-0.21936015185047178
-0.7965299180241964,-0.6045991148623747,0.0,0.672787018588768,0.22465529059711314,0.6675496885105519,-0.22641784689955094
-0.7836934573258398,-0.6211477802783103,0.0,0.6703791304368664,0.23163340882993824,0.6651605446338733,-0.23345071268022025
-0.7705132427757893,-0.6374239897486896,0.0,0.667897727658826,0.23858612584921393,0.6626984584077974,-0.24045797795949383
-0.7569950556517567,-0.653420603990105,0.0,0.6653430823684248,0.24551267921116884,0.6601636998278244,-0.24743887431176886
-0.7431448254773946,-0.6691306063588579,0.0,0.6627154747113067,0.2524123093411719,0.6575565468587966,-0.25439263620309305
-0.7289686274214118,-0.6845471059286884,0.0,0.6600151928342619,0.2592842596170276,0.6548772854044168,-0.2613185010751132
-0.7144726796328034,-0.6996633405133654,0.0,0.6572425328536275,0.2661277764519484,0.6521262092758962,-0.2682157094286987
-0.6996633405133653,-0.7144726796328035,0.0,0.6543977988228157,0.2729421093771936,0.6493036201597341,-0.2750835049072289
-0.6845471059286886,-0.7289686274214116,0.0,0.6514813026989701,0.2797265111243676,0.6464098275846347,-0.28192113437953664
-0.6691306063588581,-0.7431448254773944,0.0,0.6484933643087565,0.2864802377073655,0.6434451488875641,-0.2887278480224973
-0.6534206039901056,-0.7569950556517563,0.0,0.6454343113132905,0.2932025485039599,0.6404099091789502,-0.29550289940325497
-0.6374239897486895,-0.7705132427757894,0.0,0.6423044791722052,0.2998927063370186,0.637304441307031,-0.3022455455610784
-0.6211477802783105,-0.7836934573258396,0.0,0.6391042111068653,0.30654997755534363,0.6341290858213543,-0.30895504708883303
-0.6045991148623754,-0.7965299180241959,0.0,0.6358338580627277,0.3131736321141254,0.630884190935432,-0.3156306682140675
-0.5877852522924732,-0.8090169943749473,0.0,0.6324937786708571,0.3197629436550001,0.6275701124885549,-0.32227167687969815
-0.5707135676844322,-0.8211492091337037,0.0,0.6290843392085983,0.32631718958570194,0.6241872139067711,-0.32887734482428704
-0.5533915492433442,-0.8329212407100994,0.0,0.6256059135594091,0.3328356511593054,0.6207358661630319,-0.33544694766190536
-0.5358267949789963,-0.8443279255020153,0.0,0.62205888317186,0.3393176135530424,0.6172164477365103,-0.34197976496156907
-0.5180270093731303,-0.8553642601605066,0.0,0.618443637017805,0.34576236594669113,0.6136293445710975,-0.34847508032624275
-0.4999999999999996,-0.8660254037844388,0.0,0.6147605715497243,0.35216920160052634,0.609974950033078,-0.35493218147140176
-0.48175367410171527,-0.8763066800438636,0.0,0.6110100906572515,0.35853741793281957,0.6062536648679947,-0.36135036030313994
-0.4632960351198621,-0.8862035792312145,0.0,0.6071926056228802,0.364866316596887,0.6024658971567008,-0.3677289129958225
-0.4446351791849274,-0.8957117602394129,0.0,0.6033085350768636,0.3711552035576702,0.5986120622706099,-0.3740671400692671
-0.42577929156507294,-0.9048270524660194,0.0,0.5993583049513066,0.377403389167844,0.5946925828261465,-0.3803643464654493
-0.4067366430758009,-0.9135454576426005,0.0,0.5953423484334576,0.383610188243446,0.5907078886383998,-0.38661984162472507
-0.3875155864521032,-0.9218631515885004,0.0,0.591261105918204,0.38977492013901344,0.5866584166739909,-0.3928329395615573
-0.3681245526846786,-0.9297764858882511,0.0,0.5871150249597799,0.3958969088222232,0.5825446110031544,-0.39900295893974147
-0.34857204732181546,-0.9372819894918915,0.0,0.5829045602226836,0.40197548294802826,0.5783669227510402,-0.4051292231471234
-0.328866646738583,-0.9443763702374811,0.0,0.5786301734318215,0.4080099759322761,0.5741258100482435,-0.411211060369796
-0.30901699437494756,-0.9510565162951535,0.0,0.5742923333218735,0.41399972602480817,0.5698217379805652,-0.4172478036657712
-0.2890317969444713,-0.9573194975320674,0.0,0.5698915155858901,0.419944076382029,0.56545517853801,-0.42323879103811946
-0.2689198206152658,-0.9631625667976581,0.0,0.5654282028231294,0.42584237513893475,0.5610266105630276,-0.4291833655075624
-0.2486898871648553,-0.968583161128631,0.0,0.5609028844861323,0.431693975480599,0.5565365196980017,-0.4350808751845205
-0.2283508701106558,-0.9735789028731603,0.0,0.5563160568270502,0.4374982357131032,0.5519853983319941,-0.44093067334059904
-0.2079116908177598,-0.9781476007338056,0.0,0.551668222843225,0.4432545193339042,0.5473737455467496,-0.4467321184795085
-0.18738131458572463,-0.9822872507286887,0.0,0.5469598922220291,0.4489621951016361,0.5427020670619642,-0.4524845744074136
-0.16676874671610267,-0.9859960370705049,0.0,0.5421915812849735,0.45462063710533074,0.5379708751798292,-0.45818741030269683
-0.14608302856241243,-0.9892723329629882,0.0,0.5373638129310861,0.46022922483305784,0.53318068872885,-0.4638400007851377
-0.12533323356430373,-0.9921147013144779,0.0,0.5324771165795708,0.46578734323997045,0.5283320330069512,-0.46944172598449113
-0.10452846326765336,-0.9945218953682734,0.0,0.5275320281117512,0.47129438281575015,0.5234254397238726,-0.4749919716084625
-0.08367784333231579,-0.9964928592495043,0.0,0.5225290898123034,0.4767497396514491,0.5184614469428597,-0.48049012901007404
-0.06279051952931321,-0.9980267284282716,0.0,0.5174688503097898,0.48215281550571426,0.5134405990216598,-0.4859355952544082
-0.04187565372919987,-0.9991228300988584,0.0,0.5123518645164963,0.4875030178703906,0.5083634465528278,-0.4913277731847261
-0.02094241988335673,-0.9997806834748455,0.0,0.5071786935675774,0.492799760035498,0.5032305463033456,-0.49666607148795383
-1.8369701987210297e-16,-1.0,0.0,0.5019499047595247,0.49804246115356876,0.4980424611535688,-0.5019499047595246
0.02094241988335636,-0.9997806834748455,0.0,0.4966660714879539,0.5032305463033456,0.49279976003549814,-0.5071786935675773
0.041875653729199505,-0.9991228300988584,0.0,0.4913277731847262,0.5083634465528277,0.4875030178703907,-0.5123518645164962
0.06279051952931283,-0.9980267284282716,0.0,0.4859355952544083,0.5134405990216597,0.4821528155057143,-0.5174688503097898
0.08367784333231454,-0.9964928592495044,0.0,0.4804901290100744,0.5184614469428593,0.4767497396514494,-0.5225290898123031
0.10452846326765387,-0.9945218953682733,0.0,0.47499197160846235,0.5234254397238727,0.47129438281575,-0.5275320281117512
0.12533323356430423,-0.9921147013144779,0.0,0.46944172598449097,0.5283320330069513,0.4657873432399703,-0.5324771165795709
0.1460830285624112,-0.9892723329629883,0.0,0.463840000785138,0.5331806887288498,0.46022922483305817,-0.5373638129310858
0.1667687467161023,-0.9859960370705049,0.0,0.45818741030269694,0.5379708751798292,0.4546206371053308,-0.5421915812849734
0.18738131458572427,-0.9822872507286887,0.0,0.45248457440741363,0.5427020670619641,0.44896219510163615,-0.546959892222029
0.20791169081775943,-0.9781476007338056,0.0,0.4467321184795086,0.5473737455467494,0.4432545193339043,-0.5516682228432249
0.22835087011065544,-0.9735789028731603,0.0,0.4409306733405992,0.551985398331994,0.43749823571310337,-0.5563160568270501
0.24868988716485407,-0.9685831611286313,0.0,0.4350808751845209,0.5565365196980013,0.4316939754805994,-0.5609028844861321
0.2689198206152655,-0.9631625667976582,0.0,0.4291833655075625,0.5610266105630275,0.4258423751389348,-0.5654282028231293
0.28903179694447095,-0.9573194975320675,0.0,0.4232387910381195,0.56545517853801,0.4199440763820291,-0.5698915155858901
0.30901699437494723,-0.9510565162951536,0.0,0.41724780366577136,0.5698217379805651,0.4139997260248083,-0.5742923333218733
0.3288666467385835,-0.944376370237481,0.0,0.4112110603697958,0.5741258100482435,0.40800997593227595,-0.5786301734318217
0.34857204732181507,-0.9372819894918916,0.0,0.4051292231471235,0.5783669227510401,0.4019754829480283,-0.5829045602226834
0.36812455268467825,-0.9297764858882512,0.0,0.3990029589397415,0.5825446110031544,0.39589690882222334,-0.5871150249597797
0.3875155864521029,-0.9218631515885005,0.0,0.39283293956155735,0.5866584166739908,0.3897749201390135,-0.591261105918204
0.40673664307579976,-0.9135454576426011,0.0,0.38661984162472546,0.5907078886383996,0.3836101882434464,-0.5953423484334573
0.4257792915650726,-0.9048270524660196,0.0,0.3803643464654495,0.5946925828261463,0.37740338916784416,-0.5993583049513065
0.44463517918492707,-0.895711760239413,0.0,0.3740671400692672,0.5986120622706098,0.3711552035576703,-0.6033085350768634
0.4632960351198618,-0.8862035792312147,0.0,0.3677289129958226,0.6024658971567007,0.36486631659688706,-0.6071926056228802
0.48175367410171493,-0.8763066800438638,0.0,0.36135036030314005,0.6062536648679947,0.3585374179328196,-0.6110100906572514
0.49999999999999933,-0.866025403784439,0.0,0.3549321814714018,0.609974950033078,0.3521692016005264,-0.6147605715497243
0.5180270093731307,-0.8553642601605064,0.0,0.3484750803262426,0.6136293445710975,0.34576236594669096,-0.618443637017805
0.5358267949789968,-0.844327925502015,0.0,0.3419797649615689,0.6172164477365104,0.33931761355304224,-0.6220588831718601
0.5533915492433439,-0.8329212407100997,0.0,0.33544694766190547,0.6207358661630318,0.3328356511593055,-0.625605913559409
0.5707135676844318,-0.8211492091337039,0.0,0.32887734482428715,0.624187213906771,0.326317189585702,-0.6290843392085983
0.5877852522924729,-0.8090169943749476,0.0,0.32227167687969827,0.6275701124885548,0.3197629436550002,-0.6324937786708571
0.6045991148623744,-0.7965299180241967,0.0,0.31563066821406793,0.6308841909354318,0.3131736321141258,-0.6358338580627275
0.6211477802783102,-0.7836934573258398,0.0,0.3089550470888332,0.6341290858213543,0.30654997755534374,-0.6391042111068653
0.6374239897486893,-0.7705132427757896,0.0,0.3022455455610785,0.6373044413070309,0.29989270633701876,-0.6423044791722052
0.6534206039901054,-0.7569950556517565,0.0,0.2955028994032551,0.6404099091789501,0.29320254850396,-0.6454343113132904
0.6691306063588578,-0.7431448254773946,0.0,0.2887278480224974,0.643445148887564,0.28648023770736564,-0.6484933643087564
0.684547105928688,-0.7289686274214121,0.0,0.2819211343795369,0.6464098275846346,0.27972651112436786,-0.6514813026989699
0.6996633405133658,-0.714472679632803,0.0,0.2750835049072287,0.6493036201597342,0.27294210937719343,-0.6543977988228158
0.7144726796328034,-0.6996633405133654,0.0,0.26821570942869866,0.6521262092758962,0.26612777645194835,-0.6572425328536275
0.7289686274214112,-0.684547105928689,0.0,0.26131850107511345,0.6548772854044167,0.2592842596170279,-0.6600151928342618
0.7431448254773942,-0.6691306063588581,0.0,0.25439263620309316,0.6575565468587965,0.25241230934117204,-0.6627154747113067
0.7569950556517562,-0.6534206039901057,0.0,0.2474388743117691,0.6601636998278243,0.24551267921116907,-0.6653430823684247
0.7705132427757894,-0.6374239897486896,0.0,0.2404579779594938,0.6626984584077974,0.2385861258492139,-0.667897727658826
0.7836934573258396,-0.6211477802783106,0.0,0.2334507126802204,0.6651605446338732,0.2316334088299384,-0.6703791304368663
0.7965299180241958,-0.6045991148623754,0.0,0.22641784689955122,0.6675496885105517,0.22465529059711342,-0.672787018588768
0.8090169943749473,-0.5877852522924734,0.0,0.21936015185047192,0.669865628041284,0.2176525363800391,-0.6751211280624609
0.8211492091337037,-0.5707135676844323,0.0,0.21227840148877833,0.672108109257202,0.2106259141096299,-0.6773812028965381
0.8329212407100994,-0.5533915492433442,0.0,0.20517337240820105,0.6742768862449701,0.2035761943342,-0.6795669952483254
0.8443279255020153,-0.5358267949789963,0.0,0.19804584375524542,0.6763717211737513,0.1965041501349661,-0.6816782654210597
0.8553642601605066,-0.5180270093731303,0.0,0.19089659714374854,0.6783923843212895,0.18941055704126972,-0.6837147818901746
0.8660254037844388,-0.49999999999999967,0.0,0.1837264165691654,0.6803386540990994,0.18229619294553048,-0.6856763213286903
0.8763066800438636,-0.4817536741017153,0.0,0.1765360883225973,0.6822103170767676,0.17516183801794372,-0.6875626686317022
0.8862035792312145,-0.4632960351198621,0.0,0.16932640090456363,0.6840071680053568,0.16800827462092377,-0.6893736169399717
0.8957117602394129,-0.44463517918492745,0.0,0.16209814493853544,0.6857290098399141,0.16083628722331017,-0.6911089676626092
0.9048270524660194,-0.425779291565073,0.0,0.15485211308423497,0.6873756537610788,0.15364666231434262,-0.6927685304988522
0.9135454576426005,-0.40673664307580093,0.0,0.14758909995071007,0.6889469191957891,0.1464401883174118,-0.6943521234589343
0.9218631515885004,-0.38751558645210327,0.0,0.14030990200919732,0.6904426338370835,0.1392176555036007,-0.6958595728840419
0.9297764858882511,-0.3681245526846787,0.0,0.1330153175057807,0.6918626336629963,0.13197985590502362,-0.6972907134653581
0.9372819894918915,-0.3485720473218155,0.0,0.12570614637385283,0.6932067629545448,0.12472758322796841,-0.6986453882621908
0.9443763702374811,-0.32886664673858307,0.0,0.11838319014639558,0.6944748743128051,0.11746163276586015,-0.6999234487191826
0.9510565162951535,-0.3090169943749476,0.0,0.11104725186808179,0.6956668286750763,0.11018280131204714,-0.7011247546826018
0.9573194975320674,-0.28903179694447134,0.0,0.10369913600721155,0.696782495330131,0.10289188707242262,-0.7022491744157124
0.9631625667976581,-0.26891982061526587,0.0,0.0963396483674954,0.6978217519325475,0.09558968957789477,-0.7032965846132193
0.968583161128631,-0.24868988716485535,0.0,0.0889695959996866,0.6987844845161283,0.0882770095967068,-0.7042668704147912
0.9735789028731603,-0.22835087011065586,0.0,0.08158978711307989,0.6996705875063965,0.08095464904662475,-0.705159925417656
0.9781476007338056,-0.20791169081775987,0.0,0.07420103098688323,0.7004799637321737,0.07362341090699909,-0.7059756516882685
0.9822872507286887,-0.18738131458572468,0.0,0.06680413788146891,0.7012125244362359,0.06628409913070672,-0.706713959773051
0.9859960370705049,-0.16676874671610273,0.0,0.059399918949522,0.7018681892850469,0.05893751855599109,-0.7073747687082018
0.9892723329629882,-0.1460830285624125,0.0,0.051989186147086024,0.7024468863775671,0.05158447481820031,-0.7079580060285747
0.9921147013144779,-0.1253332335643038,0.0,0.04457275214452351,0.7029485522531391,0.044225774261440906,-0.708463607775625
0.9945218953682733,-0.10452846326765342,0.0,0.03715143023739973,0.7033731318984463,0.03686222385015519,-0.7088915185044234
0.9964928592495043,-0.08367784333231584,0.0,0.029726034257291846,0.7037205787535462,0.02949463108062479,-0.7092416912897367
0.9980267284282716,-0.06279051952931326,0.0,0.02229737848254537,0.7039908547169756,0.0221238038924218,-0.7095140877311725
0.9991228300988584,-0.04187565372919993,0.0,0.014866277548979989,0.7041839301499294,0.014750550579809715,-0.7097086779573916
0.9997806834748455,-0.02094241988335679,0.0,0.007433546360553325,0.7042997838795106,0.007375679703102646,-0.7098254406293827
